"X1","X2","X3","y"
-0.330402340594559,2.53183414951186,1.58003010617423,4.91759985498966
0.267946195266788,1.10760939088299,3.38267120013299,1.47063766491893
0.306605736930873,0.99281868234642,3.41160902544792,1.35740976053654
0.200287927435651,1.80436678628888,2.9742677495781,1.43489864359503
-0.479048131955653,1.69046203213842,1.93390163782161,1.11136996856108
-0.386153400579681,1.57131636483529,2.0351785056606,3.2479569734683
-0.565436825971969,1.81387317136053,1.27469861087915,2.44285471413202
-2.10940986160525,-0.296235908884954,2.54772482321884,-0.936158967335229
-0.457238939600375,0.721356557719781,3.09838458911777,1.35907205662343
0.0792644209404574,2.52872537567363,2.21011436292613,6.09687151519346
-0.623784036953575,0.744143898875344,2.05470531845344,0.28233434317754
0.0803204322819715,1.01496606741415,3.07311808142791,1.31817823202507
-2.85810395333537,-1.0036140672719,1.40951986460048,-0.585000175101492
-0.228813372613013,2.19324210311634,0.920016334621439,2.21827376792489
0.710256808036171,1.92241678800504,2.36682593949963,5.26819016329194
-1.48698620584845,0.733537858739633,1.36250128042668,-0.995684650694916
1.0652865633731,3.25656972102306,1.21433841533505,8.72473084442106
-0.215817592840279,1.22188988228339,1.59936548139443,0.975963509193499
-0.275823774222984,1.22012781773812,2.00781557793369,0.887871135241636
-1.03471146969749,2.6960286776748,0.405559266119639,5.16111618288339
-1.5607984370611,1.49483309553449,1.5884033788104,1.31819969889826
-1.37927988473776,0.894263508104823,2.01948671214483,-0.334775048858508
-0.842874904734762,0.203895570847874,0.300788885534504,-2.01459614735127
-2.08762583880267,0.497172946276073,-0.822379725230798,-1.23475616597997
-1.14561180992726,1.58614408981254,0.290177256945372,1.65673788953031
-0.215285040915357,0.988579392501466,2.19531372448819,0.357750139156715
-2.21542571324746,-0.596661662086128,2.88792906362254,0.0442999355424307
-1.4601757233959,0.43532890287628,0.676455686679334,0.017118138933174
-1.27961565856806,-0.277035815173391,1.79610364078629,-0.669940459443048
-1.2731120122619,1.76414596742422,0.539564965942288,-0.7781646044204
-2.39104809449845,0.112301053579286,2.74969000536314,-2.43140805280867
-0.515692383720536,0.718740599429446,2.27672171636529,0.836127926771131
-1.22458842152301,0.0270491546520986,2.40255198576341,-0.92145118103995
-0.664512802122025,1.63185302457958,1.9827135783715,0.0715062679952922
-0.683985634506299,1.43740606021333,1.81834456417131,2.0961004950695
-1.119449757818,0.573741473812293,2.45344169274249,0.0766756958373078
-0.930057060905974,0.413810229008151,3.28689042672157,1.27442559607185
-2.19823514176349,1.39656466157692,1.77054805357511,-0.161941299451078
-0.65618277937859,0.691640032152893,2.90048942026593,0.311740231620442
-0.751385556437677,1.282237796484,3.19492759217663,2.79521428393221
-1.13869294569238,1.23729839204086,1.52189962366509,0.510415764831674
-0.756420057999434,1.75830317354836,3.18716768576667,3.39078509992196
-1.90769479937782,1.95437354709274,0.973363565415615,-0.32457581506196
-0.425388495800347,1.84582347728737,2.30976581703941,2.54923251924111
-1.28097501524739,0.650729488335871,1.21303163037923,-0.623047717407405
-0.835863980357233,2.42515676752498,1.01952587251115,2.65096253646182
-1.50490622865346,0.500539361374968,0.864980042824765,-1.25428830409324
0.700336970257332,1.72960906618639,1.49019547149165,2.93393453607492
-0.166770873397951,0.835978326655177,4.04978864947593,1.38826334951261
-1.16295132494214,1.39381253910347,2.52229818329797,1.75845959540441
-1.15212861324551,0.317857379167024,1.81641074736803,0.999751819032188
-0.949122624264335,1.434405920074,2.59949276043863,1.96262390075492
-2.0976251581272,0.802474626332277,0.414681320896524,-2.15092424494788
-1.16192359221726,0.20430305823676,3.10077183514609,0.136492329211519
-1.85208678381974,-0.0874530100752169,0.686937391092747,-2.61569317156828
-1.33217515084557,0.948349025057729,2.46601043064043,0.283842836226316
-1.72818973926171,0.153545199867893,0.64496445807238,-0.758218129132685
-0.532720451559602,0.783911670338102,2.7451833992906,0.997078264323657
-2.97479060015881,-0.166148080660713,0.246864641748064,-3.77035343930936
-0.608826720204095,1.93374335240257,0.585121699960445,3.10212312362077
-2.11015039280388,0.0966855023979339,2.13482627225832,-2.43727118597734
-1.5015853513039,-0.56534294368012,1.6719716549404,-0.235417961900273
-2.14688392312446,0.614734951911421,0.856922820040761,-0.965746758166947
-1.28120556691554,1.2526192185099,2.24181558952299,1.93002416116701
-1.10970566494767,1.56159115724494,0.872548002239332,-0.759371150266411
-0.132699357924434,0.978370878881481,3.65935923440771,2.03505784860473
0.125919781566676,1.75645570916391,4.2283383013728,3.92314501960159
-2.20071214282402,0.12149920017491,1.56678623418403,-1.24611958822708
-1.98971766306447,-1.19071990438172,2.2799297299808,4.09295123841267
-0.604735288840365,1.22276375026577,3.48846984045586,1.11416613349464
-0.429577404128078,0.417782783551353,2.62728106452442,0.0184138025825288
0.392281662814205,2.03866340279786,3.19802223187706,4.50542980831773
-1.61219887878698,1.51797308717278,2.23858537607598,-0.229391230965793
-2.00710435937821,-0.753568696015583,1.88775329257195,0.704822414999557
-0.220098722886796,1.27562306307723,1.19830910831716,0.527316188666208
-0.794441452111366,0.944843414823778,0.808742312290305,-0.488007912442478
-0.973037182750025,0.915470436072312,2.40185222766054,-0.52033301158236
-2.35027598685317,0.573651534158253,1.02416006193318,-2.47656997685244
-1.46062294458532,1.6475288507201,2.58468484746941,1.60020940883949
-0.395223327437463,1.6938460935944,1.82418455017445,1.90960818219087
-2.03099559759381,0.283443652068817,0.33021308518804,-2.20938372833172
-0.481672987763852,1.08586559911628,2.13385134390504,-0.0351536055604685
-0.154583741094669,0.774954496868146,4.45399534038128,1.48798272109987
-1.53794305536635,1.25491400006584,0.640932519972144,-0.104038369939197
-0.614401515904037,1.52221628035528,2.30933905158861,3.06215644095755
-1.34965874734892,0.952410816356312,1.76916017265267,-0.306868148350055
-0.489945718635263,2.43960722024333,0.224040390649968,3.11825591298357
-1.20645939167623,1.051308232202,1.40490634910688,-0.628534854538329
-1.35842179640447,0.398491699642977,2.04809593377356,-1.78555711945316
-0.454723805957078,2.39370316106632,0.904322982939839,2.92558562076222
-0.611075467474359,0.903371685560827,1.73818801723595,1.98238817300924
-1.23883410700106,0.474233633373694,1.84177751254073,-0.0975956063384257
-1.76981574301421,-0.069055723727955,0.766604716356439,-1.67894302143118
-1.03875020789875,0.231049382894407,2.09993164435565,0.873954257539322
-1.91986427855025,0.136988725939975,2.40118720797709,-0.0390939786466792
-2.46484861327286,1.12936778686968,0.250181774488075,-2.72943013711639
-0.478368110134596,0.707489315664184,1.33958669518287,-1.25391488893181
-2.31061529296409,0.0456014783214806,1.61863608904735,-1.48541716782641
-0.187267866412496,1.28346771813477,1.6930484943276,3.98570389093682
-1.7178146154667,0.166132552810413,2.83516573390267,0.326761624773687
-0.757154009164319,0.874520994811038,2.69035734615433,1.6679889197476
-1.13086999665192,1.02490454312675,0.406566611536231,0.837675957722281
-0.468359823544833,1.8828143795898,0.716890286496604,1.85274304429215
-0.570739192404401,0.494093647835651,2.31113944049082,-0.94915285212581
-1.63611563973677,0.247066225506535,1.80265464086376,-0.613510098014571
-0.690766494671268,1.01466543151539,2.69200509578661,0.237727939525681
-0.386602776734596,1.3569314012893,3.22523356741733,0.389906456940859
-0.0588139545053269,2.50976702852462,1.54718664502435,4.53142617422911
-1.16697434713803,1.15080525877554,0.941665013803139,0.811425718080298
-1.62854125126452,0.46886203026229,3.08232846176744,0.583149821693476
0.367252407488557,3.22523659938441,3.66632659934755,9.48938281314476
-0.202864957523819,1.54505854291598,2.02387538046496,2.77128200853311
-0.639321392294884,2.34253340170511,2.81117000248266,4.22573369951025
-1.32287414110763,1.17526225884393,1.71893975358873,-0.939102760280577
-1.73666109954781,-0.112190502457963,2.58593771612875,-0.63072392973965
-0.0324227551258914,1.99029673461141,1.41457296377482,3.29929472741088
-0.458626127532016,0.358821766267863,3.63878581569478,2.55964006721094
0.757718965639359,2.51376110198669,3.48432976040246,6.78710702136418
-2.01447992843418,-0.978430771958761,1.75554016738529,1.6905143047287
-1.25265599024214,1.67195457710825,1.43690774282557,1.02735095144636
0.234185268234218,2.22738470422677,3.3748942370369,4.80062313114542
-2.02236819214289,0.173131251088906,1.7205747312359,0.394479901261064
-0.759009453509621,0.45058746151414,3.72704963886788,0.321898398538923
-0.960261360348788,0.823087530349533,0.852273901627744,-0.73820020991458
-0.990063106533338,1.17258644000466,2.82547714260624,0.286038230296928
-0.305338718857939,2.36657881502111,0.801036410915101,4.11537394095062
0.399761205057858,1.34178724825797,2.8092607662592,3.25194663959018
-1.65135967786586,0.644044812607735,1.03230124195227,-2.31250312819965
-0.0831237635032213,1.83673933079563,1.46240321545604,1.77069581136115
-2.47037524453438,-0.513924901086067,1.79530921261836,-1.10491744086737
-1.17608810996495,0.179431469683466,1.30830578617809,-0.468749903164793
-0.44694822456166,2.12966263491565,2.5220447211949,2.37087184878368
-0.49150237442389,2.13373469172508,3.06030869911585,5.03882265355824
-0.46605861949633,1.88987128805245,2.27662970000592,3.9746400327807
-0.0225124997982549,1.50589816690075,2.61394976709513,1.66442515048077
-0.781236454046808,1.1923058948007,2.75623416833127,2.94148502780498
-1.34628402783088,0.907428876044463,1.74861803807205,-1.02097660514723
-2.28208895780714,-0.223997020522966,-0.197668075594504,-2.23723543217849
-2.11946779367492,0.52094756220103,0.799731649041254,-1.27159419455591
-0.20725885951274,2.11623079836139,2.72576330853548,3.57133286831839
-1.87617617511812,0.65437903070614,0.220181378659598,-1.99553598910551
-1.10095357853334,2.01917336453741,2.85824051780217,2.46940385719374
-2.04117792644957,0.0909672601566345,2.06524782553282,-0.108367912081937
-1.11958370611189,0.689995468305784,1.8515640519221,0.787881833316241
-2.75309667885392,-0.0887920282158374,0.56879844597591,-1.42747195122392
-1.35836832502909,0.491467860681896,2.17813135694301,-0.436104331659699
1.09536703246623,3.05643158132277,2.23864582665978,8.3712958536408
-2.19492751798312,-0.0132330366990074,2.25028632143026,-0.951292208585904
-0.863992579389095,1.29626995876113,2.96207895545637,2.00233445852528
-2.36174253853052,0.714920777673472,2.35932759052299,-0.200233767657653
-0.892157631749662,1.19574978906871,2.36480347332387,0.102626988069439
-1.45446149006299,0.402966896199805,0.525466897142181,-1.31994634513087
-1.38575424617156,1.32602691878595,0.131574375642278,0.765613803297233
-2.14463493799411,-0.0679855944453149,0.834454771843497,-1.65376861993524
-1.01731260016093,1.2855137200919,2.60802437019078,1.76504915167555
-1.05371929007731,1.60823100621667,1.80772137832281,-0.0463364074212633
-1.23184261450509,-0.24167238829833,0.824884927711055,0.586500144612724
-2.43366994676007,-0.554440815619646,2.33060828875101,0.304827192952333
0.0885342947628633,2.70325554815509,1.03392568969557,5.80298615206324
-1.2593461481112,0.941760168063808,2.31490767928353,0.981544711825044
-0.621081603620947,1.10662928945669,3.3361484780781,2.528168293453
-0.74950845895047,0.788804042901077,1.66302732255718,2.33394163169956
-0.733686527957289,1.2621254821141,2.15834627174679,1.98167136618882
1.64321258919486,2.13949865012397,5.46912725875159,5.71697638424619
-0.971537607908212,1.85079041412851,1.74772302511906,1.80304625699646
-1.46754111862402,0.437721887381877,2.41789341642121,-1.12075162456663
-2.03662201085873,0.218252392624488,2.30519166947357,-0.0623416945843724
-2.63839893575991,-0.844460293603462,2.732981658052,1.34893780510018
-1.41039829196984,0.730927669966311,0.530634116046362,-1.57251749191857
-0.137645887570089,2.80778303355009,1.45359568457336,5.19846419420817
2.02591325650299,2.6505920860284,4.30973554319031,10.0770148676929
-1.00957809233132,0.6774393351285,2.68542029472587,0.502734481369227
-1.95165720902176,0.426174692525278,0.177761182477608,-1.50307076521863
-0.739232834960357,0.807409822501606,2.40785854649912,1.47113136437994
0.255239319216395,2.25666070821273,1.90930797938459,3.14372361074335
-0.862927234608329,1.18969220784213,1.5098410120344,1.8324688862253
-0.886433296962917,0.712497971314721,3.15374656660678,0.450177278695935
0.849033339618031,1.31975019660762,3.81314759973996,2.37554110978134
-1.5845258137293,-0.778745353871357,2.92298877187818,2.55365873382857
-0.0665579292163323,2.49357762385603,2.87440995420617,7.45476920017385
-1.35816632040387,0.394009370289903,1.85602877806582,-0.0728427873254139
-1.24725331556384,1.62632057360054,0.771969278933925,-1.17933913393231
-2.44488096253407,0.250604353026233,1.56223152333504,-3.84447542232276
-1.10569556984771,1.52462246572354,1.58102606046897,0.630192986475909
-0.224491415298076,1.99860564663145,1.51450406566298,2.62274425023112
-0.694145965746128,0.895383379558437,2.83494191505175,2.73930092694745
-1.13197495794838,1.22340472797574,-0.05424460930019,-2.06510560192217
-0.323870741268231,2.62507501141706,1.53103280818787,3.58143349472533
-1.87912907375876,0.118864230093167,3.08779927902599,0.246888709596275
-1.35312091383585,1.03488745174152,2.0862412163285,-0.893525700763849
-0.0376422974462699,1.05484304378611,3.62749823012986,0.686719733852755
-1.14721207592145,0.855033491881414,2.60073593137461,-0.458919627945655
-1.66993492602588,0.378990085013194,2.66570535207794,1.25793477420199
-1.18970223295919,1.33542125105526,0.801770719928559,1.14338889783158
-0.61564821533217,1.10623249907507,3.02743528739076,1.59725111712152
-1.22463598522881,0.16002068783141,1.86570873645576,-0.262176832702652
-2.42176067626005,-0.588823938286226,1.44363302284381,0.840380092333032
-0.490868435412949,1.91286504703751,1.45799999558953,1.61548373339074
-0.938555873574542,0.791930064461664,2.95346987907996,0.876596185198223
0.125489070097627,1.94005818621054,3.21287968928382,4.8908469903614
-0.0693765073757704,2.48129753980797,2.32843372195203,5.53782353228105
-2.30316936512545,0.142457383617672,0.88767777526727,-0.561194810139887
-0.203567134739951,1.86723100570115,2.04897232119554,1.28301457393714
-1.35533950822688,0.594111958682769,2.2098497599552,-1.44678661741304
-0.941616700583461,1.80955383502636,1.66370136493767,1.74652644343157
-0.498317399100956,0.18454380264474,3.37198587168335,0.679959495008444
-2.33743038747842,0.738550152685969,0.585259117525861,-1.13489557632507
-1.46038682436362,1.08616804088274,1.5636230422704,-2.26365740375983
-1.69657717017214,0.900038421952573,-0.450366460793302,-1.50422602547331
-1.56900916498116,0.349782904696425,1.69026567053045,-0.29608251440042
-0.846200216101604,1.29046584036708,3.14256868336004,2.61569703214937
0.510022443631658,2.16801784269039,2.99783173861353,3.76488657675032
-0.57797174442815,2.0250655055372,1.37191264208758,2.00603188741685
-0.413417676230075,1.59480981172045,1.05433651306676,1.2814047234666
-1.88064294359412,0.903020718379928,1.19519008237683,-0.740098130309133
-2.30681246190048,0.711766483946728,-0.416954605627321,-3.05459888652866
0.0854815773371556,1.40006245698351,2.55817455747614,0.637107948611379
-2.0247753102307,0.952059875253878,0.147136394002578,-2.24996045663805
-2.71759497402373,-0.083347085546136,0.695169155318891,-0.84627929768785
0.467917806246414,1.56970359851974,4.75124084653006,4.06298337585141
-0.439569601522849,0.497904454505304,1.02042416931723,0.667549813754971
-0.300118232893344,1.33641005994707,2.57269744097167,1.41302018237852
-0.434252007713359,0.980151690957052,1.8101422635824,-0.261007025885922
-0.669402612427054,0.609965314244509,2.44394159423568,-0.12688503910299
0.59928897632153,1.84050133387914,2.07138589539598,2.73994113954815
-0.399689112884317,2.50606019584203,1.35906806248271,5.31623650835712
-1.35009988335082,0.173888341675435,1.97004613503048,-0.237336724318503
-1.51530635726501,0.0396842732815506,3.52850509994038,-1.32004935173525
0.270625573168363,2.32430119433912,2.72199460883204,6.14309960442403
-0.596859652383549,2.08873217008504,2.18554491505611,3.92713403800681
-2.11570633160097,0.517121904587172,1.05794341738118,-1.45833080843816
0.840010299662469,3.01161024417553,4.00318940499875,10.659324458435
0.23162154510124,2.19716550998368,3.52901004386094,5.73899845285322
-0.578280230089836,1.21835052337649,1.81009914958136,0.624031000419337
-1.83307403127799,1.48271292628752,0.854252831733108,-0.206420509127106
-2.15232185691697,-0.563002596480439,1.77329494195718,-0.49131436487106
-1.54519961511073,1.36587971349311,1.68436100051109,-1.67973253399234
-1.69089455898262,-0.0671296241094619,0.851928330499208,-2.49629809830878
-1.11226611385644,0.0302179824643398,0.840478993417406,-0.635674752260197
-0.41079666481477,0.463612998921535,2.95880795164133,0.929389030201841
-1.22691525737476,0.456424476718602,2.20044793756103,-1.49284155458795
-1.79198168774269,0.906551822417443,0.529494011390407,-1.07614835927371
-2.35875187549615,-0.922379690906973,-0.480389774724291,-1.91706214792259
-1.60839652961241,0.185753080988507,2.62476520901875,1.07124376591813
-0.449790493194444,2.02765556019525,2.11177702802948,1.48953259505232
0.226261314849165,2.52093605767527,2.12331391116036,5.38822046400799
-0.744608589723476,1.98450443599149,1.33071532535348,2.54852146615908
-1.93406313192016,0.11445461351845,0.953386886397658,-1.78464085952033
-1.85660367544971,0.133222619123447,1.66466941048757,-0.491034862542648
-1.05423977779898,2.34946724925836,1.19194903277543,2.81226975239887
0.223986837956775,2.36701278377736,2.28907899536081,5.07150321964771
-1.2544333408271,-0.0773601241744279,2.06609409130936,-0.27736857503408
-0.749259108226458,1.2313836845655,0.978458282226049,-0.76918448875584
-2.060243309486,-0.56047670864173,1.05039497374516,0.644670575585133
-1.54814250795016,1.34452078413088,1.42438815306713,-0.56575071125043
1.00162400359665,2.28105921991886,3.6542972078706,6.64216512128516
0.411971521759207,1.62864048054654,2.63716459573034,1.99937641455031
0.204207262849674,1.55439695833052,1.66929220572089,2.40682806363361
-1.00794125167083,0.919216874137778,3.55878962741004,2.47798074784107
-0.648056050483627,0.567442890523934,4.07049655703956,1.32213311521848
0.0465796637684572,2.06729422099849,2.47744455811164,1.26378266934059
-4.37588842404693,-1.51017333770572,1.03385494851941,1.94983991731386
-0.709253319309485,1.0950902794682,3.28206834945122,2.55531882464024
-0.684579151874735,0.941770791701399,3.89036012606696,0.0561131374487385
0.750320834259649,2.23010301828558,2.05895452611595,6.26975293609292
-0.482362583848799,0.802919824534973,0.783324956244464,-0.523154300471843
-2.38096368861593,0.317565764410483,1.2814852202073,-2.6698340971121
-3.0490405453627,-0.436035072093632,-0.0822975737265126,-3.37829023213111
-1.07815960338347,-0.115926597586157,2.00521458418766,0.346418552541633
-1.77750154268457,-0.252815340880723,2.22212707750855,-1.91798369498481
-0.607081978695386,1.89123060010598,1.76143874812887,2.66724550702637
-2.38188094553244,0.0312554599451342,2.26612466762943,-2.00721502274683
0.374035353783125,2.12554876757215,3.49944794309725,4.75721284697484
-1.98246711476895,-0.872255062142208,1.12332181732249,0.632904336481209
-2.52452794381576,-0.420106862275869,2.96823143198937,-0.0983781389579401
0.14112442223997,2.67237645344797,1.88556759238166,6.31416651140741
-0.411488934712288,-0.25845635135013,3.51369343762039,2.4454162815519
-1.44507186430267,1.39943429070188,1.90952884924695,1.99812306058836
-2.16319165704524,-0.364319731137912,1.28269602760813,-0.809343804476806
-0.816924008735763,0.242211192309113,1.60234168658113,1.85499286133145
0.811255660167299,3.22415614967787,2.53972730541012,8.62764013693061
-1.1698592042399,1.45117821563541,2.39144474431686,1.41204074091637
-1.88360584408453,1.15929609241328,0.773066036927291,-1.77837773084068
0.119047949737706,0.871160977941766,1.14731167694589,0.965670654683031
-3.44934050273787,-0.805978668090811,-0.425013398566955,-1.5279413341687
-0.714744232755924,1.38809689218878,2.17406651889553,0.874393640880225
0.127861429456707,1.14190740389775,3.43869911920583,1.62943654033402
-1.46440156337222,0.312087103144484,0.508498340281703,-2.76711706853051
-2.28424512225252,-0.304447320871872,0.790816792745058,-0.607657660279866
-0.986244548413203,1.56562665936786,3.14316705156867,3.44191696701531
-0.338080867817852,0.178649498157342,2.44824103530151,0.410182746155863
-1.95113877509165,0.791481253782742,0.856331884653361,-2.2490256155269
0.741638587354986,2.55763970058273,2.98692761797806,7.3302584041011
-1.01819054432212,1.18923200003887,2.00294216537465,-0.534788666090787
-1.24333493933564,1.39262596981351,1.20600401590362,0.286401466854793
-0.834350818905946,1.60546984669852,1.81615690852343,1.80119827775215
0.968437571585903,2.23694282403488,1.30442668271413,4.72522506300863
1.65587825417828,4.00211842626618,2.98357927453536,17.6073288614046
-2.34514469295094,0.427847785120239,2.02588705627917,-1.50126023745316
-2.04589659267827,0.283926071369156,0.425892160011291,-2.69649311562719
0.604579415674285,2.40858483406265,2.82517713585221,5.27457244440788
-1.53371077708773,1.19944150803762,1.29071209499089,-0.325129255241767
-0.884545955493404,1.80182973923546,3.12262665227445,2.14068769525245
-1.06405188489814,1.12897835723465,0.348758725912863,-0.528655706678023
-1.43545848822314,-0.38334779552675,1.61766302686876,-1.2025110890734
-1.94471656027992,0.663293642515292,2.12769270475314,-1.12057400862206
-1.27053673890368,1.55469095185891,1.79637314349363,1.17320815779737
-0.848040638749437,0.619110336783227,2.07190731470152,-0.591232673024943
0.0145639017500179,1.95968542817194,2.42258272783201,2.63847431402159
-1.49059247637897,0.672978953658499,0.991537732841649,-0.566791060006748
-0.0232848265043171,2.81098746515495,2.88387647686266,8.05196174057569
-1.34923139697298,0.671487686452418,1.88280120888218,-1.11044151650996
0.624366974879877,2.67508529810092,3.36436513320603,7.19221003875012
-1.57483813961785,0.26800975540561,1.75950624821147,-2.20340986528552
-0.60600472709354,1.98902660305249,1.79716312517022,2.18934070806781
-0.00106587401828384,1.55721225006842,1.42359660107447,1.95435977749355
0.00967282366976185,1.10848220841672,1.6565433066578,0.798501536054801
-0.741928270524952,1.62228132905442,1.06959302787778,-0.653875759689349
-0.125718878858692,2.13010842932013,2.13056007273651,3.41677961857525
-0.859250303074979,0.719747408528714,1.6519319757035,0.191694876648891
-1.13153283782449,1.20315285478145,2.28367476919041,0.581964455372988
-0.678008554319311,1.64620255896483,1.79505559515656,2.81001445955218
-0.0612836035085127,2.02980264371139,2.90334654255021,5.19797731593277
-1.30570935686271,0.404244262780976,3.22044788891851,0.373940475231282
-1.041879192185,1.1981050771413,1.541846197525,-0.0587132098607088
-1.8507389862767,0.690569019858943,3.55276225134367,-0.630342316851122
0.219659168897138,1.89792149648232,2.92235660807106,3.31891911963576
-1.65887992186635,0.240803024809586,1.32852903759549,-0.0122203833542269
-1.90393525733246,-0.381039523330122,2.04199088966501,0.0884274225288915
-1.15166247838245,2.08372648864397,1.96058698763603,1.50969533942524
-2.10996409184761,-0.193611917028923,0.838475680373051,-2.51361167406104
-0.556213159238696,0.880886516161817,3.1434099672061,-0.0961002594677265
-1.20718395229691,0.804248098702347,2.54264054117087,0.334556182004162
-1.27219941610724,0.489164188607258,2.35932039746797,-1.00019072462206
0.631224875806703,1.23870348079997,-0.181394484417858,1.15772647533082
1.02066776145176,2.33031705435094,2.89212860181754,6.3649639140407
-0.384871436228731,0.836460876199197,1.86230839169155,0.988680702146003
-3.75691417226404,-1.03410716188082,0.39829584990396,-1.12010699601847
-0.343073739377501,1.47448579430296,2.03826498186306,1.67207086705235
-1.07594302137313,1.49560586639506,0.672721770374521,0.797418046211554
-0.234866818760123,2.14879656693886,1.94294661437041,2.79291501710438
-0.935001359364999,2.84882256294544,1.20512052606071,4.7021661834271
0.0640761501467497,1.81005018294565,3.29599103834922,3.86337466950585
-2.12211956457114,0.0150132830596963,1.15343211586008,-2.60679120345694
-0.610615488925632,1.06651810405171,2.99905748064361,0.553881810122884
-0.597095344258991,1.84890530295404,2.7344236673328,3.73490776927596
0.857687347978746,2.02693940852118,4.85668522228458,5.94674775849442
-0.301733719788416,2.22183309211915,2.64349452434887,5.09539642455082
-1.51458220783232,0.951043346368379,2.15815627747041,-1.21808408179992
0.0717467820588504,1.88868955867131,2.51560095244368,3.24302919169858
-2.36617560023029,0.771756798069645,1.41066653188799,1.09746997710968
-0.627652787228256,1.59464547934395,1.51150991968242,-0.345988892579483
-2.33380817017874,-0.203537257638069,2.61417074685553,-1.14856121382111
0.156494879487873,1.36361950735329,3.78495547612706,4.04590970466913
0.311990155420018,2.29271589563176,1.67278555155979,5.44136687677515
-0.547310298567237,1.23984596215377,1.1782900914302,-0.899479134615245
-0.947652493371497,0.800521319385957,3.53330401181792,3.28505618404315
-3.0352163746223,-0.470209277318087,2.53576560843389,-0.18766500610234
-2.55351082867093,-0.70450927043363,1.188384289085,-0.579017411078185
-0.0117099798595944,2.22163946505553,1.19751718313076,3.7533705468534
1.24679530359166,3.00561926421779,3.20628329821611,9.42055150730998
-0.205584846234866,2.39088859837062,1.53693949583263,6.11762668373146
-1.19910247167588,1.52257656608375,0.712898832033889,0.305016712311969
-1.52306208858564,0.238175253766986,2.78375360482773,0.196140032543538
-2.57566793097623,-0.369539436906093,0.903962938186308,-2.58067093331154
-1.0419844539397,-0.339244666540215,2.70008914697401,-0.223667837041536
-2.27160709315873,0.576769888705085,1.49905180466113,-1.85263939683944
-2.12732855878208,-0.4271804866875,1.24650986902164,-0.583980447614086
-0.726123753634525,2.51812084897096,0.663242329144881,3.99207903744666
-2.63652152309268,0.296795417663628,0.822609084728547,-3.63257251189909
-1.13048350542144,-1.27545669893955,1.49922983296266,2.96833422233479
-2.44346419423047,0.171016625574174,1.28923939449175,-2.65910606864645
-0.403984418926724,0.511393443165364,2.02513224299856,0.582567930810474
0.111352254597995,3.00642635955073,1.16954100830917,8.04492806771728
-1.06146211568867,1.84047912231856,3.95978582709321,2.21059601238627
-1.2234410042332,1.11294852796908,1.67701746754558,0.4683146370031
-2.69751937206813,-0.726992243697556,-0.0849850546384747,-1.5743122358108
-0.674725590363377,1.26786116883942,1.6315809332559,1.97257509035945
-1.21678086558275,1.55703535857172,2.1839171777186,1.275946334433
-1.64338445067085,0.471603518937344,2.54450307838102,-1.54814428804486
0.0986003899113173,3.7606456939829,1.86524525086729,11.8310923764006
-1.86094230099927,0.671427971551021,1.58326960277257,0.015697168217206
-1.10589299591868,0.0800513738595049,1.34564066642388,-2.31077457016382
-2.62448687125418,-0.656574283483118,1.74498311183038,-0.781309956071735
-0.674986090792585,1.51553882844769,3.59946733210496,1.98100901158448
-2.37539986498858,-0.302992495427817,1.61064312258927,-1.78940164634402
-0.377732522561483,1.91853731759489,2.71780609520068,4.32207211385694
0.06568842671688,0.815549255000318,3.60936737279371,1.81190830074839
-1.40365696299397,0.760051565816343,2.30489332550648,-1.126483296705
-1.42528169770841,0.23991531020557,1.1215050124666,1.37407823607602
-0.653998686348533,1.05786888092636,3.59397099629846,0.455786120177492
0.113542931150552,1.94310123014921,2.39420202357015,2.37080836193663
-2.28799252542055,0.48524295269372,0.479465482360541,-2.6435377064198
-0.368468735463512,0.565442214372416,3.39817217911071,0.502881289701316
-0.241644611107697,1.07841499856801,2.6220259397882,1.89435950084068
-0.823349726510266,1.85356841298153,2.84406573621968,2.949727923997
-2.01430191438305,-0.278888356384351,1.46484210979717,0.288630276692001
-0.452891577023233,2.12405309643198,1.72808074442539,3.62083973520944
-0.579473283564928,1.21532141101281,2.13880375643938,-1.16856779653626
-1.09269135834079,0.322454339967115,1.88700960391008,-0.367557802680594
0.103691396350913,1.59476095009823,2.60081702848134,2.4950192103758
-0.513061227100708,2.07552983398186,3.05302023938985,5.03213229065196
-1.2795205043993,1.58704557362193,1.92512885449356,-0.0131827686309497
-2.95817444795127,-0.517818945443271,0.573389075669341,-1.88377371792629
1.01611589994137,1.75496466325512,1.54134544207918,2.3899775393798
-0.938072571716238,1.45831133056713,0.847453125849409,-0.684667118759733
-1.5926210060498,-0.869188432543413,0.637436549298779,-0.539923968112694
0.263319383438329,2.59350401952398,1.59657919025489,3.93883453176924
-0.537941237051806,1.21305327751524,2.48763229903257,0.52385818634323
-0.410151089105764,2.22232714536397,2.58673772360983,4.0605064194159
0.698073362568913,2.19707119482683,2.57895672400703,6.05620083696908
-0.561963705743327,0.985433451807651,1.6747593417868,0.693374834584439
-0.249496706717013,1.53801395330786,1.1138744077345,2.22575423047599
-0.447964324995203,0.856109174139952,2.10702600821769,1.2483022914757
-1.39488906991334,1.61251592590701,2.3909820260257,1.54511719637236
-1.44185747596907,0.0573645554439113,3.03204386759845,-0.0845526151821425
-2.67865283442533,-0.0965484057873216,0.0855121059016217,-1.11208713970516
-0.647676042532068,1.44049821542698,1.78540635578865,1.27582388284757
-1.43995771305965,1.02519651879396,1.36452937509861,-0.874625873645188
-1.86219780197943,0.801934234247878,0.820326683832659,-2.79975293537166
-0.742264977111121,0.872598548713096,1.60505847806785,0.143364233833945
-1.15920289975997,2.13783129695699,1.61032754615374,3.10748632961726
-1.82340435265649,0.512436417044509,1.24485813990003,-2.65422873214201
-2.55742801896147,-0.485451854034352,0.358048341279966,-3.06235400569021
-1.90021764774289,0.432644330730728,1.35601331219432,-0.707679887153903
-0.857719454791011,1.65648250632889,3.08427372710206,3.54998577097347
-1.05037736072389,0.827462052143071,2.38339181591248,0.753454531188652
1.00523092343557,2.54591177698254,2.7526571570014,6.70270401702652
-1.98923466387833,1.19628194450134,0.0589676946689921,-2.07192782982672
-0.198355905200398,3.29726521330396,2.32609452143802,8.01346965538151
-2.55612493285234,-1.01959057127389,2.02651111606374,0.778434641893101
-0.894730484060251,1.25284248077982,2.57572511450994,0.219096166769517
-1.09301535297004,0.0107037595349837,2.04682256136513,-0.957583416840103
-0.95058906958011,0.796743813925199,3.22645470475649,0.499911977057379
0.630866444413839,2.77954942991893,2.47811587111442,5.11390273926851
-2.36878354354762,-0.466120056963034,2.49510320800983,-1.82160956929237
-1.66277212500061,0.0109696466535926,1.90645625261916,-0.192160763580797
-1.30246336177285,0.86743798355911,2.07745667302478,1.2907733095486
-0.349088002406393,1.55644863632998,4.39431896965028,2.24088799143048
-0.703446015692523,0.776590591950107,1.99673271099008,0.694883841314134
-1.07633913384429,0.679261266285543,1.52936693623909,0.497764552386013
-1.34174986576855,0.324178082510631,3.1142635279874,-0.712552099307346
-0.149182530602403,2.02208921334546,3.69565003631307,4.44508795977769
-2.27580570267918,-0.657482744917043,1.58497533659729,-1.21476638126815
-0.975723444066798,1.46512805601098,3.75122107165517,2.29534158655544
-2.97710811545905,0.21185717998517,0.976087791814622,-3.35225022244444
-0.728032564102807,1.22765396040557,0.504389752312004,1.70882683079048
-1.76863814219925,1.50652382654802,1.1649133758406,-1.16737455551419
0.171976559471377,1.7841308267568,2.60778699004294,2.41251579252142
-1.20123436197123,0.876907780071144,2.690745131799,2.07419117230954
-0.888739676340986,0.70778562914116,1.78589818922528,-0.025523698718643
-1.36585868054842,-0.346467086567225,3.69933999341253,2.73288577736425
-1.67441531620847,0.61074363240691,2.3763922802118,-0.197367180250347
-1.56788319671565,-0.0102410962377883,0.439357230503552,-0.556753124714329
-1.41995566446716,1.03294631358043,0.796993462438945,-1.74127149322376
-1.38453590605013,1.43555227567215,1.76707064994773,0.484519772492942
-1.85954249824653,-0.0531899921514718,1.21832438499853,0.211806082242796
-0.148880936338177,1.57857165723041,3.19777400924876,2.44367788031957
-0.809016686385163,-0.0784882775102891,2.87837435142929,0.91607616975567
-0.938107135544254,1.78126986747813,1.09079000177369,0.151169480538373
-2.03806215957779,0.79020671987028,1.47321541670916,-1.23416109707104
-1.78936420000322,0.365081171678732,2.85748489429798,-0.559698099944535
-1.11886493644271,0.392932905850446,0.694936611347931,1.00022790061262
-1.75053414473531,-0.0938832423382667,2.68231475763378,-2.01035947823471
-1.38880116240117,0.57446201709624,1.79983236156564,1.28563064306315
0.178553880388368,1.65943762521448,2.38858276741806,3.37097236464452
-1.06757218496977,1.47550566705456,1.59766884131631,1.74045001017176
-1.28598496257838,-0.0921067049281006,2.1349600461487,0.462475366319114
-1.95983086373582,0.296262000959403,2.32184181162422,-1.33746237690407
-0.998987935798632,1.05234135734606,0.787196582965682,-1.0153126506693
-0.532848890762419,0.601099281672993,3.71097672198941,1.94812396032011
-0.151601677498932,1.93471828085633,2.77175006277133,2.67977148202925
-1.13311750954042,1.12011806742127,1.01161074065959,-0.179043459523227
-1.84904193618014,-0.468998512676902,2.35790289629934,0.443852705397942
-0.768613044619286,1.02859596378747,2.45333854696863,0.693571704541925
0.539536197998722,0.976721937642845,2.91962871783341,0.998547766224247
-0.792159287401002,1.17467630357652,3.27633605587931,1.12634829720222
-1.63905741165038,1.00973598795822,1.18932282966418,-1.04557385906996
-1.07756577342991,1.55705114121903,1.27539099616312,0.371602196901147
-1.54198455411622,0.851742496699576,1.14874402277356,-0.945334322073585
-1.86868919576611,1.27757956089855,0.934609681986325,0.42400060057542
-0.674244018655246,1.56746268414289,3.18062253889217,3.27620889299988
-1.2072043162629,0.300815726163325,1.94295256208509,0.00175874874960014
-1.62751444297849,0.264812959610392,2.50271559916147,0.316985015551759
-1.27703067889818,1.43576089285874,1.99743053343502,0.243104131981464
-0.0850786469951365,1.58489248945859,3.08776218462924,2.24421389789196
-1.97200142387418,0.158203701601784,1.10539810432077,-1.55351827785048
-0.98526155930248,1.55709838669931,1.8107011283606,0.431073710011701
-0.729445995330497,0.995528634408304,2.46431531559347,0.304630227415648
-2.91785154878822,-0.178211026415282,2.61709844263059,-1.00135586092627
1.2560770482304,2.0961511045098,3.30583674867938,5.35071954536493
-3.68574855210211,-0.066205281837646,-0.189200856843818,-3.20313885503704
-0.830034022438975,0.689091197802454,1.74834282377141,1.65404794060517
-1.2136424955779,0.527052772518637,2.51473443131482,-1.67180103318273
-2.58514007494671,-0.0948461924105848,2.13074112004795,-0.705300781296976
-0.783638974451185,0.483956324832056,2.67463185031316,0.687609574968674
-1.94290479408722,0.209263474731035,1.77898183463366,-2.37812762506291
-1.27346408234359,0.774479146685414,1.01279701814962,0.00784195034070712
-0.606736493809938,1.58249426969504,0.890007675203682,0.249897931496779
-2.07779956995127,0.596741447265621,2.55694063221632,-0.830242202549983
-1.41176025544311,1.313237799107,1.04484559879513,-1.05478213295905
-0.413726603717942,3.09156070083996,1.00280087293846,6.52229175899279
-0.389428980188025,1.15776957598181,2.8853640429107,2.15165872318501
-0.409558757850642,1.2399564569756,0.967295189061701,2.59513287576203
-1.38821984266278,1.92733220177453,0.26180779923276,1.88913952266524
-0.994174481333121,0.411798759946345,1.0249153112713,0.903904317868815
-1.53404570981358,0.192353066030273,0.142380954286908,-2.16993157782049
0.210012776333753,1.52214141580193,2.10949018207742,1.53990828074413
-1.52213172693092,1.59051348639376,0.324358297560635,-1.74177831202526
-1.09564747009216,-0.0580845909975567,3.98765814361443,2.20858844749794
-0.997997205715688,0.507967582503604,1.64260235844642,0.00143118001611875
-1.13308872284188,2.00799181929108,2.13060157184512,3.40497152032961
-2.72880195321676,-0.72328426600618,1.15724392448956,-0.551962931418897
-1.76483458864086,0.621543974912099,2.44053344149401,-0.882259367948013
-2.94226934979042,-0.421220273943947,1.49554594170539,-1.43980634153182
-0.216898174761365,0.577244564356901,2.19437343780711,1.80703894724193
-0.856636532276292,0.538351120022951,2.00771776756217,-2.0193547350915
-0.410707172100834,1.99272576719363,3.07441972919909,4.62394544383862
-1.25051866124056,-0.304904847041894,3.01084363130395,-0.126247889547134
-1.80611890456051,1.35852220551897,2.13517052722302,-0.66305802280364
-0.312178070625644,1.92864995919812,0.525355949861477,3.32883861107476
-0.416853131107344,1.53592754552204,1.76446503146617,1.96243606447279
-0.761076127821439,0.369684922357404,1.75963537222839,-1.89156853729233
-1.28511760880015,0.172884753366861,1.9957461721623,-1.3612673525112
-0.155556455165344,1.91936090250111,3.16157404658922,3.39015605986174
-1.7717006809404,0.468400106365289,1.5952367865657,-2.5733512557889
-1.73975017624723,1.20708417253342,0.0536772964934289,-2.03823980277485
-0.849502450029022,0.994350268346994,3.70169896523645,0.902875448140942
0.257330735993395,1.91266822654872,2.88886793325539,3.69323260277235
0.803057984624263,1.81286119583776,2.7125063733803,4.00358270064227
-0.997023858546115,0.31136716166978,3.34229915067234,-0.141824579786232
0.952112701718973,2.51775790376416,2.36529160577229,5.33490605877935
-1.14108500194466,-0.0946138398210259,0.862861107671337,-1.67541701090843
-2.58227201549413,0.079896080670776,1.40699369688514,-3.49254817621133
1.46867751107599,2.72653616983317,2.86135864928431,9.26728703084662
1.77523082817843,3.62101253395439,2.69743286639243,12.6763931453275
-1.17362745113038,1.87893577665391,1.16123738154044,1.12699578535102
-0.999340891607056,1.15583244072052,1.91133013256937,1.99409715947366
-1.23265749085131,0.408710817115712,1.12852300947329,-0.919790697645265
-0.810165479925001,0.0254616731983768,3.21598320727788,1.0744714909411
-0.130122919646781,1.32784077401616,3.14130858618064,2.67246471604046
0.912517996737327,2.01828832564488,2.01590887108876,5.95602205548031
-1.49816371406947,0.902773478131751,2.95096503731476,0.164801111994393
-1.46354139632689,0.244848124475027,2.13231741094255,0.370224599843542
-3.6832947045762,-0.31939214883597,0.185419356887265,-3.79568097500593
-3.47397455054788,-0.68411203263326,0.698320219863265,-2.42463387146433
-1.1713009813883,0.714070889900994,3.03175037470389,0.930935056050573
0.249065245953769,2.56831569303562,1.31548982344927,5.25814035194789
-0.327536947842677,1.01511537078668,2.10205817926133,-1.59505409694131
-3.14686589907194,-0.54341101087575,1.12791803548498,-2.35163580288452
-0.460721293784986,1.60089082843614,1.80097462796764,2.35597009492192
-1.71284973686887,0.321813354356726,2.09886642142631,1.18849193285833
0.418211832234259,1.66570284914205,2.84087276104477,2.71817960398076
-1.82804479602872,-0.129920642380484,0.553577173984214,-0.480701552839514
-0.106502082527399,1.14147684785829,2.97291433664625,3.82789942128516
0.0409059933671971,2.09791486441051,1.35307062939836,2.38142521725734
-0.0842808596676065,1.56747276447029,3.33778130686007,0.794957487832433
-0.830372576892643,0.706643197146769,1.70218029821801,-1.02506034752129
-0.213767095308514,1.53910660379647,2.26396449682701,2.24210463284651
-1.96038117788427,0.411575932208585,0.678543222140814,-0.69531045281602
-0.508816647281045,0.874229434791914,2.26812791598634,-0.760380331906123
-1.50296067893263,-0.417208048360533,1.39633343796994,-0.25034375965032
-1.20035037258454,1.29448035601667,1.67279416851596,-0.256661546859904
0.893974138176604,1.50314358389331,3.54286935175578,2.14821417101849
-1.48734987257059,0.308111573374982,2.31298885043428,-1.4306151979783
-1.32914526677841,0.219929907414175,0.832523811524114,-2.32730351977344
1.03030820622774,2.09112229782456,3.57279216034214,5.22068771647271
0.551457940963895,0.476290676985603,3.20985491987717,2.13879282072043
-0.97677939193199,0.718674879183545,1.96597487341475,0.693679420269735
-1.73483833816228,1.62465857537406,0.789028593323203,0.270483100654195
-1.5794158962239,0.611741582704571,1.12217698673554,-0.302149671947166
-1.35049064200721,0.898566243991717,1.72196319423674,-0.0288587991598461
-1.98722369357463,-0.506679830929529,2.5581552376022,0.132152737548289
-0.17579310699414,1.15507533366307,2.10679726278614,-0.252675631964121
-3.40240425027572,-1.34173508927997,2.08635585776128,1.27138572031425
-0.833253867864552,1.29425213642898,0.761141304953167,0.464888264219012
-0.701841292428687,1.29908954352594,1.52195122633097,0.0949492739845705
-1.65652284418874,0.0110022427650006,1.87771480532244,0.252011737867057
-1.35137868817329,0.809012417116575,3.02118440502171,0.094353730140894
-0.380205370662274,1.92361975680183,1.11088404614353,4.26475490511413
-0.564733168787006,1.26006061239456,1.73073842910489,0.437880983684847
-1.04060526601071,1.27175759629173,1.81214749387294,1.01410183712943
0.669374952575677,2.17861486972561,2.31974671405288,4.24283336085989
0.965156524078533,3.67810542565489,2.67241795723471,12.4380757256442
-1.26042253981476,1.25500572161311,1.30791171975027,0.31177720188047
-1.04281796502283,1.00491129750822,2.26881148158687,-0.550263926098444
-1.24582619378003,1.46435244033117,3.00175405710725,1.70890373392933
-0.655982943255764,0.968463256615951,1.41691638495315,-1.51884541335554
-0.477679647108608,1.94685084287581,2.81918490872012,3.42842042839337
-0.647909428854527,1.88963275845917,1.92785891825478,1.25653540778619
-3.03906680044424,-1.4626874478883,2.73885218061903,1.73170430386417
-0.412833374061039,2.08743717429818,2.90348803868887,3.25565731474356
-0.0639479351718594,2.38402345452532,1.63825982919974,3.68149401108415
-1.4427504587676,-0.0989952062301549,2.21917651619592,0.493365147044219
-1.21679302314905,1.26822574877483,2.67179240616338,0.196438955798465
-2.60539293495554,0.106324769297941,0.575680255970624,-0.948147374255456
-2.08539611996383,0.863198830683223,-0.119010593179877,-1.7258183312816
-0.747716864479379,1.72949355943601,1.91420482514686,3.96579371658469
-2.60283989902397,-0.327935414386865,1.37778069007742,-1.42641245252995
-1.38125270975232,-0.0448682746507294,2.4387278722009,-0.917279224282887
-1.62631631389028,0.871553587793197,2.83379946170848,-0.147400301945439
0.0476382534699678,1.54197867213812,1.79366865538067,2.80874756530842
-0.168360531311345,1.10761941701911,1.67397238147514,2.1069455031836
-0.653430082616067,1.59589897051992,1.12908058596656,0.743356321869521
-1.84653177635791,0.076371842285207,1.47615912787262,-1.69961106502973
-0.882156565110777,1.48721210119306,0.440048892676839,-0.701096647138638
-1.15117541259856,1.15130921696958,1.78804805380591,0.697797371442244
1.08247559333192,3.09081405079186,2.50045346251053,9.34775679823167
-1.21108998443582,2.04962231274697,0.769952880938848,2.95106885996953
-0.189787690267207,0.971870931714827,3.61463128472632,1.8121285216983
-0.697889603342745,0.817740051448551,0.714716564943342,-1.17390960272502
-1.04391866140382,2.13975428493075,1.29159647690568,2.49232401099931
-1.21898994180726,0.665866827410059,1.49793225683079,-0.670284228478084
-1.21963754633336,1.2615688908866,0.533865950637744,0.135958363630204
-0.998926496496598,0.591839650389481,2.21831592932585,-1.09504464703787
-2.63256496946182,-1.29782367571237,3.63913409089817,-1.05554461612921
-1.63485828379753,1.69105925561397,1.91583499655311,1.14543279810956
-0.316741462571457,0.208438443412674,3.14516630960434,-0.231248394972401
-2.21410855184755,0.505481900383967,1.404361996909,-0.771991681344047
-1.6685535607781,0.613835048641316,1.73271994423057,0.793437919416975
-0.792843511039877,1.68259231744959,1.97772769656266,1.48042940071917
0.571579607174706,2.76413021901321,2.90006580729061,7.50524308254623
-1.61050186591442,0.519235202372683,1.13184052015651,-0.602615186792526
-3.21479241802224,0.190721388413495,0.830553024137897,-0.466981987334614
-1.49162485504417,0.252257882806774,1.23826793299767,-1.69174916315183
-2.32949073470111,-0.493049648755952,-0.177740057914689,-1.27726487883322
0.646481741357877,2.02347331545056,3.01223190558053,3.99982728282267
-1.71089886469915,0.470140482669408,0.370973936535044,-2.95429682364639
0.480664307121899,2.08588926984361,2.86652248422726,5.10075335371195
0.636577440358878,2.28268753452181,3.34400237028908,4.55249631782897
-2.37508634715885,-1.06708927173713,2.04754476969227,1.49853831963673
-0.485358806365998,2.17530176175428,1.5188953823225,2.6069347866389
-1.25126855502342,1.19810163832926,1.8484505595541,0.390614964139839
-0.988656299779436,0.825856741064758,0.711380782461495,-2.08467666041438
-2.08289641289725,1.02048679624484,1.76545327610918,-0.0443503446876641
-1.78852577364047,1.18771792104243,-0.0769879906940387,-1.36513121133562
-2.12057365060491,-0.522001288284642,-0.239431404651498,-1.87879676194222
-1.37880353973169,0.174773318513683,0.506806335316015,-1.49895596217529
0.00510764111278772,2.37668694739936,2.26346000217286,3.79237375953939
-1.38352135568313,-0.0723233774537504,3.67819673697002,0.998412577149518
0.00863093717079622,1.258455116322,1.75285608049681,1.77298568876523
-0.0758605737889183,2.30660859500012,1.58234922744734,3.85141456918803
0.431766660236646,2.67423407364417,2.7353322310409,6.16249760699526
0.829632082390428,2.07751310839053,2.50045402320147,3.95319198745175
-1.92926189895893,0.750720889124278,1.6251000616973,0.463271267420524
-0.0236261683477313,1.53306684009904,2.40052374834466,2.26630000325469
-2.66304176078627,-0.512135677463554,1.50433713180882,-1.1616120972433
-1.41446932983309,2.30685561333041,1.0446318091959,2.28602726758586
-0.35199334737935,2.09658141242452,3.23155821742142,4.0495159814422
-2.02146054384454,0.405790242059605,1.2630309025154,-2.16979369733446
-0.488855495923553,1.60912391601718,1.71066045330273,0.969051542063423
-2.13977426953483,0.201719878912371,2.12399667403676,-1.28873479940571
-1.20427002999211,1.65479871762927,0.364427745697193,0.530683277889431
-0.733242122124562,1.02989628848553,3.08026233186819,1.20212607462629
-0.9791168159169,1.38051150479108,2.25725316047948,0.745040788125546
-1.31428786775721,0.47711218394543,2.50049105302429,-2.86651222973687
-0.433923106144071,1.42414713437929,3.63063382372905,3.51327088439317
-2.05825031636741,0.0237936014084128,2.41122868967888,-0.428153233954408
-1.48995733295534,1.35844529338431,0.935941421246644,-0.983935051010302
-2.33808147283416,-0.473077905072654,2.01961313696987,-1.4004263171951
-0.409755407729998,1.42364602785979,3.49585132896318,2.84459012295673
-2.02543174642951,-0.166327422868393,2.48526680474952,-0.918178257589302
-0.165273778176446,0.848891405906266,1.67237908935751,1.18349833062386
-1.54169334564891,0.196834301105824,2.096923352087,-1.29491261502462
-0.632971438286344,1.68718770671467,1.74496874269803,2.23316506370866
-0.293613543238454,0.953338520620898,2.48724013735962,2.32121497136276
3.08108351965668,4.91362444304957,4.62798826698699,24.6267692796634
-0.60429633972149,2.20374924400823,2.38073910317929,2.20629893466795
-0.653510258445682,1.53079230877746,1.63843302765744,1.42673715944823
0.0210243709513207,1.90582915134049,3.60389446721986,2.20496263049729
0.231205536382718,2.43547846493482,0.920533955279181,2.7792041939094
0.613036780656352,3.0503975906963,3.28184127813299,11.2603387544149
-1.73437788519005,0.138432636675262,1.50667005140451,-0.153370162381141
-1.23815947324443,0.639492309530907,1.63325523566541,1.65391515345135
-0.700718107565083,2.19898509553059,1.21769413518493,2.26622449121612
-1.49735208428091,0.893615770016795,1.13292422024051,0.0395840577745806
-0.302075529038448,1.87896169390067,2.02693342625898,1.34133923208333
-1.43762732831835,0.609840122023477,4.00118329359057,1.10037790838786
-0.537850500068071,1.28263353615258,2.65850376143304,0.0443584727367003
-1.40975609942223,1.02400413169645,1.40786427520945,-1.98009849536785
-1.24021066824826,1.8929977012163,0.266203675033852,0.27384346860643
-0.166050628981024,1.07796132623608,1.69603014370548,1.25830457504185
-0.451265404674122,1.62904394668908,2.03048896039057,1.91788726892024
0.110808533422763,1.70037002140354,3.41131159046996,3.04300487019792
-0.290025981135522,1.28717701036983,2.63132142974941,3.49299625282528
-0.100656102625431,1.70260267405854,2.52575244519563,2.88111793581832
-0.750052732209086,1.55267268295342,1.63067825336153,0.623744486466284
0.196419661131935,1.70258557997031,1.62865865067026,3.61490389354181
-0.904252218886926,2.11656475957893,0.833350187615486,3.45977305405829
-0.215037236616507,0.420614412627898,2.70882509659964,0.693471053436427
-1.58793253289141,0.2108110639247,1.20131674717268,-0.946771257722191
-0.990327758423831,0.118287531679929,1.93946990804803,-1.59022300286967
-1.62459357901979,-0.107289364411318,3.06916299841258,0.476076256561728
-1.70778843711646,1.45877755347526,1.08467912042545,0.115408813618476
-1.2598458180752,1.14300154533905,2.13355935780154,-0.322652340696229
-1.06232470282607,1.21463379982131,1.45369452810958,1.25194473808946
-1.64449959844821,0.798966626453057,2.58838683648135,0.357290609518504
-0.990454852416861,0.383730552007443,1.04129447153665,-0.791034893241397
-0.791403204893643,0.51996384596259,2.57792532132575,-1.14985699950745
-1.79756749191653,-0.152094222913365,2.2815925884894,0.282820404968006
-1.28529529150248,0.570094553015657,-0.00216632877832934,0.093809548313956
-2.1038221435176,-0.383721245301124,0.327147852011266,-2.69037422438595
-0.810213818837427,1.08737356635758,2.02910158168141,2.00748233010077
-2.3814227590233,-0.113278238582021,2.1529570197815,-0.505511399112992
-1.63958481307878,1.01672084947195,0.475472972094454,0.0495987778811853
-0.414012574225945,1.9676406075934,2.2957842409644,2.61685753434139
-0.693899394571129,0.648770816561356,2.06071280825391,1.64575920614387
-0.568676286748691,1.36217815181326,1.40524740396785,0.314697611361977
-2.48182279735744,-0.276708227853735,1.54611042715997,-0.0307393498810646
-0.473370608337088,2.18278164240625,2.98252696417943,5.23978957029871
-2.53451164284592,-0.443596089122075,2.24606835888015,-3.23573919696193
-1.55453206679171,0.348688367258152,1.77597219331126,-0.254193283853942
-2.44438689062309,0.0935903542701961,-0.202248488690175,-3.44098416918044
-0.841965732615379,1.02476337862049,3.98004385199174,0.0248861079750053
0.429491254507989,1.48621148342204,2.00207719616037,0.691879897932738
-0.958260532112058,-0.7479760430075,2.06257020581935,1.52801108199619
-2.27597673484341,-0.325800427580583,1.56437269973087,-0.566141803774153
-0.899404808195074,1.55148969034087,2.18353195004583,1.41073759091869
0.275413635865249,1.92276836130536,0.926566765585182,2.42173295880871
0.775918448681805,2.87855630860454,3.16494109388861,8.76135022926382
-0.953845027144877,0.826657523054025,2.10022904203596,0.257414146474066
-1.36938368695378,0.717324295508332,0.960450677521481,-0.72336050738837
-1.29416447475932,0.840361697266288,1.86918904810439,-0.145338344369336
-0.113931079462845,1.04416201841472,2.61915656770729,2.81524920482985
-1.25626976735088,0.160063394465565,0.0125365963215722,-2.2428267830132
-0.953409070619218,0.356184888118062,2.33034656176542,-1.09782453411616
-1.78299153817003,0.0608530314112892,0.548934836304092,-1.74492540138655
-2.21417362658265,-0.292415812392002,0.804237551940447,-1.69719409995541
-0.973961885134461,0.46776570862026,3.10529106161966,1.60633227497371
-2.44781951015375,0.542008120182488,0.418048642179553,-2.0653744148796
-0.556298973831817,0.583896577269953,2.13689810705191,0.427478243859669
-0.437912678855159,1.3881374920857,3.09673615485781,1.90020392238398
-1.12541426245254,1.89441666535318,0.447486358133232,0.951334765940622
-0.968608452219202,1.40644736292776,1.45777798525306,-0.688225744871675
-1.34725971962563,0.915844233658715,1.19695414690893,-2.8218510823671
-2.58483429661462,-0.017944398050326,2.02737059729999,-0.679858624364271
-1.53926366383747,0.657573872764323,2.144125864833,-1.60114731428844
0.189610940523729,1.99337986734608,2.84739770560326,3.4525518774941
-1.77597650290339,0.306834752856777,0.515616823788106,-2.49798534577595
-1.97012096623447,0.511332913218572,2.63917840938343,1.49548296251873
-2.10699466364745,1.05015941496952,1.07409511207158,-0.388704415719732
-0.282823221944965,1.41426768814274,2.94613261973059,1.66267788800699
-1.4997209737978,1.04873470620455,1.56291592546388,0.218055355120149
-1.51047570295531,0.162574693046597,0.162653747172488,-1.92625078289718
-1.37750093650065,0.527291350973706,1.40410495843946,-1.63632523777509
-0.515092301029096,1.81835404529022,2.82981071269691,1.95682450826761
-1.00679236896406,1.64688795565018,0.951012591167698,1.61939628057335
-0.184090733030747,1.87993089111328,3.49264187049006,5.09298252904671
-1.18848146906353,0.45719147211567,1.65692046348968,1.09603736313349
-1.24999269398586,1.74059177181568,1.21311345472798,-0.0324771207211509
-1.5169020579297,0.275208725243161,3.29596802287663,-1.82183265585594
0.177393423755609,1.66262247870441,1.48950120280169,2.19242428205361
0.208605535983362,1.26602316663413,2.37980031922011,2.08555822452644
-0.0862546909621136,0.878709859059099,2.20359712589657,1.79950029896837
-0.787610349959956,1.21190971611547,2.02485545223843,0.370970543761305
-1.55267405718407,0.263529880279024,2.36462920814156,0.00338160741404231
-1.13871644392577,1.18373817632803,0.968947205593272,-1.22539424078044
-0.575284228074931,1.17124780032711,3.08176900750347,0.604119256549708
0.938780511675458,1.43692967705023,3.02183970894142,3.75269579667489
-2.37322690856084,0.34896966438891,2.22482153166245,-0.884381097155763
-0.885390136429797,1.69185745938467,2.09761650615549,2.70138978303304
-2.29053524112147,-0.108225504783952,1.41794821535728,-0.960453089961449
-0.105598074166627,2.67974781886618,3.85476647465823,6.50153815331473
-3.16675185821502,-0.606658874612492,0.448638107200072,-2.05305633026674
0.406975594435325,1.3419334811043,2.10654688552669,2.39904513340213
-1.88562245293096,-0.012518930870119,3.75647428519201,0.359490066283559
-0.189017249300797,3.29218775478035,1.91484845618799,8.19171448400265
-1.25206720852907,-0.126668797139155,1.50984098002508,-0.0552059628100166
-1.27632993859712,1.83031815498375,1.26267554810955,-0.520129764208589
-0.870069960720634,1.83513301487665,1.24122701237227,1.26733727896589
-0.77696327710287,0.416634318461365,2.54905267754442,1.58469311884045
-0.900798072835425,0.543357498862376,2.23126361461268,0.685537515144979
-1.26942746684232,-0.287413020296653,2.30675233484973,1.01331910333728
-1.11951947427323,1.32037166367598,1.07585709079123,0.200838666149125
-1.23094472740644,0.334597961424087,1.78544943814312,-1.28207898251544
-2.55134320216099,0.298422401779103,2.93490577966833,-2.21888282500756
0.0644981662017019,1.35297799903149,2.29342805721851,3.46027359038481
-2.49331012343898,0.860749753975624,-0.119404674907567,-2.67368664423151
-0.318906599586007,2.10452021029125,2.68653980037944,3.91329438138784
-1.52181317872692,0.138849446881446,3.61589502847659,0.960327863845097
-0.333099081807941,1.65184429757926,2.58240922466827,0.686230413533134
-2.90628430166386,-0.776291243451736,1.04381057553284,-1.50419017100225
0.449481801511263,1.56683606912065,3.29295764355189,1.78189220197435
0.12596569233672,2.51815624596635,1.06551731010116,5.93602183694043
0.914976208918007,2.27783744117956,2.66948545664717,7.81817114511121
-0.274215016138475,1.10890513005359,3.73712185835535,2.17467498099231
-1.96664238281755,0.218804091272871,1.4158854351006,0.678840639621941
-1.24705739726597,1.26357124570184,1.43920504609745,-0.111258794954937
-1.7401787614115,-0.886293760625862,2.09048760212745,0.0816230705272674
1.68844456875187,2.92612731293479,2.97612399345155,8.9339027184884
0.542958404670102,1.71975473100821,2.76099543708074,3.67517373064535
-2.49700468854216,-0.53157072605521,0.886712890264831,-0.876014418918549
-0.496619233488905,2.21514097176941,2.05427716249062,2.63723289850777
-0.224167898343853,2.15671647265527,2.85743616623635,2.83306035586961
-2.70336056043095,0.23067434881549,-0.0833379876437026,-3.2237994233649
-0.405233741423302,1.53512588673104,2.66851710911417,0.929825578174616
-0.775939900366635,1.32366193681843,1.40732776104063,0.377551406709716
-1.258322653375,0.671779408073505,2.31926124043102,-0.915849546153328
-0.263490102881791,1.47770674021816,1.93119663629997,2.21432072248881
0.614708519718654,2.91838994098344,2.63354140129757,8.00010475297704
